Time (Sec);S1;S3;S4;S5;S6;S13;S16;S19;S23;S26;S27;S28;S33;S34;S35;S36;S44;S45;S46;S47;S48;
0.0;19160.0;100.0;100.0;100.0;100.0;100.0;100.0;100.0;100.0;100.0;100.0;100.0;100.0;100.0;100.0;100.0;100.0;100.0;100.0;100.0;100.0;
0.10187466666666664;19160.0;99.98970879999999;99.99016639999999;99.98696319999999;99.98696319999999;99.9896928;99.989464;99.989464;99.989464;99.989464;99.996568;100.0;100.0;100.0;100.0;100.0;99.9892352;99.989464;99.989464;99.989464;99.989464;
0.22666666666666668;19160.0;99.98970879999999;99.99016639999999;99.98696319999999;99.98696319999999;99.9896928;99.989464;99.989464;99.989464;99.989464;99.989464;99.989464;99.989464;99.996568;100.0;100.0;99.9892352;99.989464;99.989464;99.989464;99.989464;
0.32666666666666666;19160.0;99.98970879999999;99.99016639999999;99.98696319999999;99.98696319999999;99.9896928;99.989464;99.989464;99.989464;99.989464;99.989464;99.989464;99.989464;99.996568;100.0;100.0;99.9892352;99.989464;99.989464;99.989464;99.989464;
0.42666666666666664;19160.0;99.98970879999999;99.99016639999999;99.98696319999999;99.98696319999999;99.9896928;99.989464;99.989464;99.989464;99.989464;99.989464;99.989464;99.989464;99.996568;100.0;100.0;99.9892352;99.989464;99.989464;99.989464;99.989464;
0.5266666666666666;19160.0;99.98970879999999;99.99016639999999;99.98696319999999;99.98696319999999;99.9896928;99.989464;99.989464;99.989464;99.989464;99.989464;99.989464;99.989464;99.996568;100.0;100.0;99.9892352;99.989464;99.989464;99.989464;99.989464;
0.6266666666666666;19160.0;99.98970879999999;99.99016639999999;99.98696319999999;99.98696319999999;99.9896928;99.989464;99.989464;99.989464;99.989464;99.989464;99.989464;99.989464;99.996568;100.0;100.0;99.9892352;99.989464;99.989464;99.989464;99.989464;
0.7266666666666666;19160.0;99.98970879999999;99.99016639999999;99.98696319999999;99.98696319999999;99.9896928;99.989464;99.989464;99.989464;99.989464;99.989464;99.989464;99.989464;99.996568;100.0;100.0;99.9892352;99.989464;99.989464;99.989464;99.989464;
0.8266666666666665;19160.0;99.98970879999999;99.99016639999999;99.98696319999999;99.98696319999999;99.9896928;99.989464;99.989464;99.989464;99.989464;99.989464;99.989464;99.989464;99.996568;100.0;100.0;99.9892352;99.989464;99.989464;99.989464;99.989464;
0.9266666666666665;19160.0;99.98970879999999;99.99016639999999;99.98696319999999;99.98696319999999;99.9896928;99.989464;99.989464;99.989464;99.989464;99.989464;99.989464;99.989464;99.996568;100.0;100.0;99.9892352;99.989464;99.989464;99.989464;99.989464;
1.0266666666666666;19160.0;99.98970879999999;99.99016639999999;99.98696319999999;99.98696319999999;99.9896928;99.989464;99.989464;99.989464;99.989464;99.989464;99.989464;99.989464;99.996568;100.0;100.0;99.9892352;99.989464;99.989464;99.989464;99.989464;
1.1018746666666668;19160.0;99.98960879999998;99.99006639999999;99.98686319999999;99.98686319999999;99.9895928;99.989364;99.989364;99.989364;99.989364;99.989364;99.989464;99.989464;99.996568;100.0;100.0;99.98913519999999;99.989364;99.989364;99.989364;99.989364;
1.2018746666666669;19160.0;99.98960879999998;99.99006639999999;99.98686319999999;99.98686319999999;99.9895928;99.989364;99.989364;99.989364;99.989364;99.989364;99.989364;99.989364;99.989364;99.989364;99.989364;99.98913519999999;99.989364;99.989364;99.989364;99.989364;
1.3266666666666669;19160.0;99.98960879999998;99.99006639999999;99.98686319999999;99.98686319999999;99.9895928;99.989364;99.989364;99.989364;99.989364;99.989364;99.989364;99.989364;99.989364;99.989364;99.989364;99.98913519999999;99.989364;99.989364;99.989364;99.989364;
1.426666666666667;19160.0;99.98960879999998;99.99006639999999;99.98686319999999;99.98686319999999;99.9895928;99.989364;99.989364;99.989364;99.989364;99.989364;99.989364;99.989364;99.989364;99.989364;99.989364;99.98913519999999;99.989364;99.989364;99.989364;99.989364;
1.526666666666667;19160.0;99.98960879999998;99.99006639999999;99.98686319999999;99.98686319999999;99.9895928;99.989364;99.989364;99.989364;99.989364;99.989364;99.989364;99.989364;99.989364;99.989364;99.989364;99.98913519999999;99.989364;99.989364;99.989364;99.989364;
1.6266666666666671;19160.0;99.98960879999998;99.99006639999999;99.98686319999999;99.98686319999999;99.9895928;99.989364;99.989364;99.989364;99.989364;99.989364;99.989364;99.989364;99.989364;99.989364;99.989364;99.98913519999999;99.989364;99.989364;99.989364;99.989364;
1.7266666666666672;19160.0;99.98960879999998;99.99006639999999;99.98686319999999;99.98686319999999;99.9895928;99.989364;99.989364;99.989364;99.989364;99.989364;99.989364;99.989364;99.989364;99.989364;99.989364;99.98913519999999;99.989364;99.989364;99.989364;99.989364;
1.8266666666666673;19160.0;99.98960879999998;99.99006639999999;99.98686319999999;99.98686319999999;99.9895928;99.989364;99.989364;99.989364;99.989364;99.989364;99.989364;99.989364;99.989364;99.989364;99.989364;99.98913519999999;99.989364;99.989364;99.989364;99.989364;
1.9266666666666674;19160.0;99.98960879999998;99.99006639999999;99.98686319999999;99.98686319999999;99.9895928;99.989364;99.989364;99.989364;99.989364;99.989364;99.989364;99.989364;99.989364;99.989364;99.989364;99.98913519999999;99.989364;99.989364;99.989364;99.989364;
2.0266666666666673;19160.0;99.98960879999998;99.99006639999999;99.98686319999999;99.98686319999999;99.9895928;99.989364;99.989364;99.989364;99.989364;99.989364;99.989364;99.989364;99.989364;99.989364;99.989364;99.98913519999999;99.989364;99.989364;99.989364;99.989364;
2.1266666666666674;19160.0;99.98960879999998;99.99006639999999;99.98676319999998;99.98676319999998;99.9895928;99.989364;99.989364;99.989364;99.989364;99.989364;99.989364;99.989364;99.989364;99.989364;99.989364;99.98913519999999;99.989364;99.989364;99.989364;99.989364;
2.201874666666667;19160.0;99.98950879999998;99.98996639999999;99.98676319999998;99.98676319999998;99.9894928;99.98926399999999;99.98926399999999;99.98926399999999;99.98926399999999;99.98926399999999;99.989364;99.989364;99.98926399999999;99.98926399999999;99.98926399999999;99.98903519999999;99.98926399999999;99.98926399999999;99.98926399999999;99.98926399999999;
2.3018746666666665;19160.0;99.98950879999998;99.98996639999999;99.98676319999998;99.98676319999998;99.9894928;99.98926399999999;99.98926399999999;99.98926399999999;99.98926399999999;99.98926399999999;99.98926399999999;99.98926399999999;99.98926399999999;99.98926399999999;99.98926399999999;99.98903519999999;99.98926399999999;99.98926399999999;99.98926399999999;99.98926399999999;
2.4266666666666663;19160.0;99.98950879999998;99.98996639999999;99.98676319999998;99.98676319999998;99.9894928;99.98926399999999;99.98926399999999;99.98926399999999;99.98926399999999;99.98926399999999;99.98926399999999;99.98926399999999;99.98926399999999;99.98926399999999;99.98926399999999;99.98903519999999;99.98926399999999;99.98926399999999;99.98926399999999;99.98926399999999;
2.5266666666666664;19160.0;99.98950879999998;99.98996639999999;99.98676319999998;99.98676319999998;99.9894928;99.98926399999999;99.98926399999999;99.98926399999999;99.98926399999999;99.98926399999999;99.98926399999999;99.98926399999999;99.98926399999999;99.98926399999999;99.98926399999999;99.98903519999999;99.98926399999999;99.98926399999999;99.98926399999999;99.98926399999999;
2.6266666666666665;19160.0;99.98950879999998;99.98996639999999;99.98676319999998;99.98676319999998;99.9894928;99.98926399999999;99.98926399999999;99.98926399999999;99.98926399999999;99.98926399999999;99.98926399999999;99.98926399999999;99.98926399999999;99.98926399999999;99.98926399999999;99.98903519999999;99.98926399999999;99.98926399999999;99.98926399999999;99.98926399999999;
2.7266666666666666;19160.0;99.98950879999998;99.98996639999999;99.98676319999998;99.98676319999998;99.9894928;99.98926399999999;99.98926399999999;99.98926399999999;99.98926399999999;99.98926399999999;99.98926399999999;99.98926399999999;99.98926399999999;99.98926399999999;99.98926399999999;99.98903519999999;99.98926399999999;99.98926399999999;99.98926399999999;99.98926399999999;
2.8266666666666667;19160.0;99.98950879999998;99.98996639999999;99.98676319999998;99.98676319999998;99.9894928;99.98926399999999;99.98926399999999;99.98926399999999;99.98926399999999;99.98926399999999;99.98926399999999;99.98926399999999;99.98926399999999;99.98926399999999;99.98926399999999;99.98903519999999;99.98926399999999;99.98926399999999;99.98926399999999;99.98926399999999;
2.9266666666666667;19160.0;99.98950879999998;99.98996639999999;99.98676319999998;99.98676319999998;99.9894928;99.98926399999999;99.98926399999999;99.98926399999999;99.98926399999999;99.98926399999999;99.98926399999999;99.98926399999999;99.98926399999999;99.98926399999999;99.98926399999999;99.98903519999999;99.98926399999999;99.98926399999999;99.98926399999999;99.98926399999999;
3.026666666666667;19160.0;99.98950879999998;99.98996639999999;99.98676319999998;99.98676319999998;99.9894928;99.98926399999999;99.98926399999999;99.98926399999999;99.98926399999999;99.98926399999999;99.98926399999999;99.98926399999999;99.98926399999999;99.98926399999999;99.98926399999999;99.98903519999999;99.98926399999999;99.98926399999999;99.98926399999999;99.98926399999999;
3.126666666666667;19160.0;99.98950879999998;99.98996639999999;99.98676319999998;99.98676319999998;99.9894928;99.98926399999999;99.98926399999999;99.98926399999999;99.98926399999999;99.98926399999999;99.98926399999999;99.98926399999999;99.98926399999999;99.98926399999999;99.98926399999999;99.98903519999999;99.98926399999999;99.98926399999999;99.98926399999999;99.98926399999999;
3.226666666666667;19160.0;99.98950879999998;99.98996639999999;99.98666319999998;99.98666319999998;99.9894928;99.98926399999999;99.98926399999999;99.98926399999999;99.98926399999999;99.98926399999999;99.98926399999999;99.98926399999999;99.98926399999999;99.98926399999999;99.98926399999999;99.98903519999999;99.98926399999999;99.98926399999999;99.98926399999999;99.98926399999999;
3.3018746666666674;19160.0;99.98940879999998;99.98986639999998;99.98666319999998;99.98666319999998;99.98939279999999;99.98916399999999;99.98916399999999;99.98916399999999;99.98916399999999;99.98916399999999;99.98926399999999;99.98926399999999;99.98916399999999;99.98916399999999;99.98916399999999;99.98893519999999;99.98916399999999;99.98916399999999;99.98916399999999;99.98916399999999;
3.401874666666667;19160.0;99.98940879999998;99.98986639999998;99.98666319999998;99.98666319999998;99.98939279999999;99.98916399999999;99.98916399999999;99.98916399999999;99.98916399999999;99.98916399999999;99.98916399999999;99.98916399999999;99.98916399999999;99.98916399999999;99.98916399999999;99.98893519999999;99.98916399999999;99.98916399999999;99.98916399999999;99.98916399999999;
3.5266666666666664;19160.0;99.98940879999998;99.98986639999998;99.98666319999998;99.98666319999998;99.98939279999999;99.98916399999999;99.98916399999999;99.98916399999999;99.98916399999999;99.98916399999999;99.98916399999999;99.98916399999999;99.98916399999999;99.98916399999999;99.98916399999999;99.98893519999999;99.98916399999999;99.98916399999999;99.98916399999999;99.98916399999999;
3.6266666666666665;19160.0;99.98940879999998;99.98986639999998;99.98666319999998;99.98666319999998;99.98939279999999;99.98916399999999;99.98916399999999;99.98916399999999;99.98916399999999;99.98916399999999;99.98916399999999;99.98916399999999;99.98916399999999;99.98916399999999;99.98916399999999;99.98893519999999;99.98916399999999;99.98916399999999;99.98916399999999;99.98916399999999;
3.7266666666666666;19160.0;99.98940879999998;99.98986639999998;99.98666319999998;99.98666319999998;99.98939279999999;99.98916399999999;99.98916399999999;99.98916399999999;99.98916399999999;99.98916399999999;99.98916399999999;99.98916399999999;99.98916399999999;99.98916399999999;99.98916399999999;99.98893519999999;99.98916399999999;99.98916399999999;99.98916399999999;99.98916399999999;
3.8266666666666667;19160.0;99.98940879999998;99.98986639999998;99.98666319999998;99.98666319999998;99.98939279999999;99.98916399999999;99.98916399999999;99.98916399999999;99.98916399999999;99.98916399999999;99.98916399999999;99.98916399999999;99.98916399999999;99.98916399999999;99.98916399999999;99.98893519999999;99.98916399999999;99.98916399999999;99.98916399999999;99.98916399999999;
3.9266666666666667;19160.0;99.98940879999998;99.98986639999998;99.98666319999998;99.98666319999998;99.98939279999999;99.98916399999999;99.98916399999999;99.98916399999999;99.98916399999999;99.98916399999999;99.98916399999999;99.98916399999999;99.98916399999999;99.98916399999999;99.98916399999999;99.98893519999999;99.98916399999999;99.98916399999999;99.98916399999999;99.98916399999999;
4.026666666666666;19160.0;99.98940879999998;99.98986639999998;99.98666319999998;99.98666319999998;99.98939279999999;99.98916399999999;99.98916399999999;99.98916399999999;99.98916399999999;99.98916399999999;99.98916399999999;99.98916399999999;99.98916399999999;99.98916399999999;99.98916399999999;99.98893519999999;99.98916399999999;99.98916399999999;99.98916399999999;99.98916399999999;
4.126666666666666;19160.0;99.98940879999998;99.98986639999998;99.98666319999998;99.98666319999998;99.98939279999999;99.98916399999999;99.98916399999999;99.98916399999999;99.98916399999999;99.98916399999999;99.98916399999999;99.98916399999999;99.98916399999999;99.98916399999999;99.98916399999999;99.98893519999999;99.98916399999999;99.98916399999999;99.98916399999999;99.98916399999999;
4.226666666666666;19160.0;99.98940879999998;99.98986639999998;99.98666319999998;99.98666319999998;99.98939279999999;99.98916399999999;99.98916399999999;99.98916399999999;99.98916399999999;99.98916399999999;99.98916399999999;99.98916399999999;99.98916399999999;99.98916399999999;99.98916399999999;99.98893519999999;99.98916399999999;99.98916399999999;99.98916399999999;99.98916399999999;
4.326666666666666;19160.0;99.98940879999998;99.98986639999998;99.98656319999998;99.98656319999998;99.98939279999999;99.98916399999999;99.98916399999999;99.98916399999999;99.98916399999999;99.98916399999999;99.98916399999999;99.98916399999999;99.98916399999999;99.98916399999999;99.98916399999999;99.98893519999999;99.98916399999999;99.98916399999999;99.98916399999999;99.98916399999999;
4.401874666666666;19160.0;99.98930879999998;99.98976639999998;99.98656319999998;99.98656319999998;99.98929279999999;99.98906399999998;99.98906399999998;99.98906399999998;99.98906399999998;99.98906399999998;99.98916399999999;99.98916399999999;99.98906399999998;99.98906399999998;99.98906399999998;99.98883519999998;99.98906399999998;99.98906399999998;99.98906399999998;99.98906399999998;
4.501874666666668;19160.0;99.98930879999998;99.98976639999998;99.98656319999998;99.98656319999998;99.98929279999999;99.98906399999998;99.98906399999998;99.98906399999998;99.98906399999998;99.98906399999998;99.98906399999998;99.98906399999998;99.98906399999998;99.98906399999998;99.98906399999998;99.98883519999998;99.98906399999998;99.98906399999998;99.98906399999998;99.98906399999998;
4.626666666666668;19160.0;99.98930879999998;99.98976639999998;99.98656319999998;99.98656319999998;99.98929279999999;99.98906399999998;99.98906399999998;99.98906399999998;99.98906399999998;99.98906399999998;99.98906399999998;99.98906399999998;99.98906399999998;99.98906399999998;99.98906399999998;99.98883519999998;99.98906399999998;99.98906399999998;99.98906399999998;99.98906399999998;
4.7266666666666675;19160.0;99.98930879999998;99.98976639999998;99.98656319999998;99.98656319999998;99.98929279999999;99.98906399999998;99.98906399999998;99.98906399999998;99.98906399999998;99.98906399999998;99.98906399999998;99.98906399999998;99.98906399999998;99.98906399999998;99.98906399999998;99.98883519999998;99.98906399999998;99.98906399999998;99.98906399999998;99.98906399999998;
4.826666666666667;19160.0;99.98930879999998;99.98976639999998;99.98656319999998;99.98656319999998;99.98929279999999;99.98906399999998;99.98906399999998;99.98906399999998;99.98906399999998;99.98906399999998;99.98906399999998;99.98906399999998;99.98906399999998;99.98906399999998;99.98906399999998;99.98883519999998;99.98906399999998;99.98906399999998;99.98906399999998;99.98906399999998;
4.926666666666667;19160.0;99.98930879999998;99.98976639999998;99.98656319999998;99.98656319999998;99.98929279999999;99.98906399999998;99.98906399999998;99.98906399999998;99.98906399999998;99.98906399999998;99.98906399999998;99.98906399999998;99.98906399999998;99.98906399999998;99.98906399999998;99.98883519999998;99.98906399999998;99.98906399999998;99.98906399999998;99.98906399999998;
5.026666666666666;19160.0;99.98930879999998;99.98976639999998;99.98656319999998;99.98656319999998;99.98929279999999;99.98906399999998;99.98906399999998;99.98906399999998;99.98906399999998;99.98906399999998;99.98906399999998;99.98906399999998;99.98906399999998;99.98906399999998;99.98906399999998;99.98883519999998;99.98906399999998;99.98906399999998;99.98906399999998;99.98906399999998;
5.126666666666666;19160.0;99.98930879999998;99.98976639999998;99.98656319999998;99.98656319999998;99.98929279999999;99.98906399999998;99.98906399999998;99.98906399999998;99.98906399999998;99.98906399999998;99.98906399999998;99.98906399999998;99.98906399999998;99.98906399999998;99.98906399999998;99.98883519999998;99.98906399999998;99.98906399999998;99.98906399999998;99.98906399999998;
5.226666666666666;19160.0;99.98930879999998;99.98976639999998;99.98656319999998;99.98656319999998;99.98929279999999;99.98906399999998;99.98906399999998;99.98906399999998;99.98906399999998;99.98906399999998;99.98906399999998;99.98906399999998;99.98906399999998;99.98906399999998;99.98906399999998;99.98883519999998;99.98906399999998;99.98906399999998;99.98906399999998;99.98906399999998;
5.326666666666665;19160.0;99.98930879999998;99.98976639999998;99.98656319999998;99.98656319999998;99.98929279999999;99.98906399999998;99.98906399999998;99.98906399999998;99.98906399999998;99.98906399999998;99.98906399999998;99.98906399999998;99.98906399999998;99.98906399999998;99.98906399999998;99.98883519999998;99.98906399999998;99.98906399999998;99.98906399999998;99.98906399999998;
5.426666666666666;19160.0;99.98930879999998;99.98976639999998;99.98646319999997;99.98646319999997;99.98929279999999;99.98906399999998;99.98906399999998;99.98906399999998;99.98906399999998;99.98906399999998;99.98906399999998;99.98906399999998;99.98906399999998;99.98906399999998;99.98906399999998;99.98883519999998;99.98906399999998;99.98906399999998;99.98906399999998;99.98906399999998;
5.501874666666666;19160.0;99.98920879999997;99.98966639999998;99.98646319999997;99.98646319999997;99.98919279999998;99.98896399999998;99.98896399999998;99.98896399999998;99.98896399999998;99.98896399999998;99.98906399999998;99.98906399999998;99.98896399999998;99.98896399999998;99.98896399999998;99.98873519999998;99.98896399999998;99.98896399999998;99.98896399999998;99.98896399999998;
5.601874666666667;19160.0;99.98920879999997;99.98966639999998;99.98646319999997;99.98646319999997;99.98919279999998;99.98896399999998;99.98896399999998;99.98896399999998;99.98896399999998;99.98896399999998;99.98896399999998;99.98896399999998;99.98896399999998;99.98896399999998;99.98896399999998;99.98873519999998;99.98896399999998;99.98896399999998;99.98896399999998;99.98896399999998;
5.726666666666667;19160.0;99.98920879999997;99.98966639999998;99.98646319999997;99.98646319999997;99.98919279999998;99.98896399999998;99.98896399999998;99.98896399999998;99.98896399999998;99.98896399999998;99.98896399999998;99.98896399999998;99.98896399999998;99.98896399999998;99.98896399999998;99.98873519999998;99.98896399999998;99.98896399999998;99.98896399999998;99.98896399999998;
5.826666666666666;19160.0;99.98920879999997;99.98966639999998;99.98646319999997;99.98646319999997;99.98919279999998;99.98896399999998;99.98896399999998;99.98896399999998;99.98896399999998;99.98896399999998;99.98896399999998;99.98896399999998;99.98896399999998;99.98896399999998;99.98896399999998;99.98873519999998;99.98896399999998;99.98896399999998;99.98896399999998;99.98896399999998;
5.926666666666666;19160.0;99.98920879999997;99.98966639999998;99.98646319999997;99.98646319999997;99.98919279999998;99.98896399999998;99.98896399999998;99.98896399999998;99.98896399999998;99.98896399999998;99.98896399999998;99.98896399999998;99.98896399999998;99.98896399999998;99.98896399999998;99.98873519999998;99.98896399999998;99.98896399999998;99.98896399999998;99.98896399999998;
6.0;19160.0;99.98920879999997;99.98966639999998;99.98646319999997;99.98646319999997;99.98919279999998;99.98896399999998;99.98896399999998;99.98896399999998;99.98896399999998;99.98896399999998;99.98896399999998;99.98896399999998;99.98896399999998;99.98896399999998;99.98896399999998;99.98873519999998;99.98896399999998;99.98896399999998;99.98896399999998;99.98896399999998;
6.126666666666665;19160.0;99.98920879999997;99.98966639999998;99.98646319999997;99.98646319999997;99.98919279999998;99.98896399999998;99.98896399999998;99.98896399999998;99.98896399999998;99.98896399999998;99.98896399999998;99.98896399999998;99.98896399999998;99.98896399999998;99.98896399999998;99.98873519999998;99.98896399999998;99.98896399999998;99.98896399999998;99.98896399999998;
6.226666666666665;19160.0;99.98920879999997;99.98966639999998;99.98646319999997;99.98646319999997;99.98919279999998;99.98896399999998;99.98896399999998;99.98896399999998;99.98896399999998;99.98896399999998;99.98896399999998;99.98896399999998;99.98896399999998;99.98896399999998;99.98896399999998;99.98873519999998;99.98896399999998;99.98896399999998;99.98896399999998;99.98896399999998;
6.326666666666664;19160.0;99.98920879999997;99.98966639999998;99.98646319999997;99.98646319999997;99.98919279999998;99.98896399999998;99.98896399999998;99.98896399999998;99.98896399999998;99.98896399999998;99.98896399999998;99.98896399999998;99.98896399999998;99.98896399999998;99.98896399999998;99.98873519999998;99.98896399999998;99.98896399999998;99.98896399999998;99.98896399999998;
6.426666666666664;19160.0;99.98920879999997;99.98966639999998;99.98646319999997;99.98646319999997;99.98919279999998;99.98896399999998;99.98896399999998;99.98896399999998;99.98896399999998;99.98896399999998;99.98896399999998;99.98896399999998;99.98896399999998;99.98896399999998;99.98896399999998;99.98873519999998;99.98896399999998;99.98896399999998;99.98896399999998;99.98896399999998;
6.526666666666665;19160.0;99.98920879999997;99.98966639999998;99.98636319999997;99.98636319999997;99.98919279999998;99.98896399999998;99.98896399999998;99.98896399999998;99.98896399999998;99.98896399999998;99.98896399999998;99.98896399999998;99.98896399999998;99.98896399999998;99.98896399999998;99.98873519999998;99.98896399999998;99.98896399999998;99.98896399999998;99.98896399999998;
6.6018746666666654;19160.0;99.95328639999997;99.96541279999997;99.98636319999997;99.98636319999997;99.96541279999998;99.98886399999998;99.98886399999998;99.98886399999998;99.98886399999998;99.98886399999998;99.98896399999998;99.98896399999998;99.98886399999998;99.98886399999998;99.98886399999998;99.98863519999998;99.98886399999998;99.98886399999998;99.98886399999998;99.96471039999997;
6.701874666666665;19160.0;99.95328639999997;99.96541279999997;99.98636319999997;99.97492319999998;99.96541279999998;99.98886399999998;99.98886399999998;99.98886399999998;99.98886399999998;99.98886399999998;99.98886399999998;99.98886399999998;99.98886399999998;99.98886399999998;99.98886399999998;99.98863519999998;99.98886399999998;99.97719519999998;99.95304159999998;99.96471039999997;
6.843791999999999;19160.0;99.95328639999997;99.96541279999997;99.98636319999997;99.97492319999998;99.96541279999998;99.98886399999998;99.98886399999998;99.98886399999998;99.98886399999998;99.98886399999998;99.98886399999998;99.98886399999998;99.98886399999998;99.98886399999998;99.98886399999998;99.98863519999998;99.98886399999998;99.97719519999998;99.95304159999998;99.96471039999997;
6.943791999999998;19160.0;99.95328639999997;99.96541279999997;99.98636319999997;99.97492319999998;99.96541279999998;99.98886399999998;99.98886399999998;99.98886399999998;99.98886399999998;99.98886399999998;99.98886399999998;99.98886399999998;99.98886399999998;99.98886399999998;99.98886399999998;99.98863519999998;99.98886399999998;99.97719519999998;99.95304159999998;99.96471039999997;
7.043791999999998;19160.0;99.95328639999997;99.96541279999997;99.98636319999997;99.97492319999998;99.96541279999998;99.98886399999998;99.98886399999998;99.98886399999998;99.98886399999998;99.98886399999998;99.98886399999998;99.98886399999998;99.98886399999998;99.98886399999998;99.98886399999998;99.98863519999998;99.98886399999998;99.97719519999998;99.95304159999998;99.96471039999997;
7.143791999999998;19160.0;99.95328639999997;99.96541279999997;99.98636319999997;99.97492319999998;99.96541279999998;99.98886399999998;99.98886399999998;99.98886399999998;99.98886399999998;99.98886399999998;99.98886399999998;99.98886399999998;99.98886399999998;99.98886399999998;99.98886399999998;99.98863519999998;99.98886399999998;99.97719519999998;99.95304159999998;99.96471039999997;
7.243791999999997;19160.0;99.95328639999997;99.96541279999997;99.98636319999997;99.97492319999998;99.96541279999998;99.98886399999998;99.98886399999998;99.98886399999998;99.98886399999998;99.98886399999998;99.98886399999998;99.98886399999998;99.98886399999998;99.98886399999998;99.98886399999998;99.98863519999998;99.98886399999998;99.97719519999998;99.95304159999998;99.96471039999997;
7.343791999999997;19160.0;99.95328639999997;99.96541279999997;99.98636319999997;99.97492319999998;99.96541279999998;99.98886399999998;99.98886399999998;99.98886399999998;99.98886399999998;99.98886399999998;99.98886399999998;99.98886399999998;99.98886399999998;99.98886399999998;99.98886399999998;99.98863519999998;99.98886399999998;99.97719519999998;99.95304159999998;99.96471039999997;
7.443791999999997;19160.0;99.95328639999997;99.96541279999997;99.98636319999997;99.97492319999998;99.96541279999998;99.98886399999998;99.98886399999998;99.98886399999998;99.98886399999998;99.98886399999998;99.98886399999998;99.98886399999998;99.98886399999998;99.98886399999998;99.98886399999998;99.98863519999998;99.98886399999998;99.97719519999998;99.95304159999998;99.96471039999997;
7.543791999999996;19160.0;99.95328639999997;99.96541279999997;99.98636319999997;99.97492319999998;99.96541279999998;99.98886399999998;99.98886399999998;99.98886399999998;99.98886399999998;99.98886399999998;99.98886399999998;99.98886399999998;99.98886399999998;99.98886399999998;99.98886399999998;99.98863519999998;99.98886399999998;99.97719519999998;99.95304159999998;99.96471039999997;
7.60239733333333;19160.0;99.95318639999996;99.95397279999997;99.98626319999997;99.95114319999998;99.96541279999998;99.98886399999998;99.98886399999998;99.98886399999998;99.98886399999998;99.98886399999998;99.98886399999998;99.98886399999998;99.98886399999998;99.98886399999998;99.98886399999998;99.98863519999998;99.98886399999998;99.97719519999998;99.95304159999998;99.96471039999997;
7.701874666666664;19160.0;99.90592399999997;99.90603919999997;99.98626319999997;99.95114319999998;99.94163279999998;99.98876399999997;99.98876399999997;99.98876399999997;99.98876399999997;99.98876399999997;99.98886399999998;99.98886399999998;99.98876399999997;99.98876399999997;99.98876399999997;99.98853519999997;99.98876399999997;99.95294159999997;99.95294159999997;99.94045679999996;
7.801874666666663;19160.0;99.90592399999997;99.90603919999997;99.98626319999997;99.93970319999998;99.94163279999998;99.98876399999997;99.98876399999997;99.98876399999997;99.98876399999997;99.98876399999997;99.98876399999997;99.98876399999997;99.98876399999997;99.98876399999997;99.98876399999997;99.97686639999998;99.95294159999997;99.94127279999998;99.91711919999997;99.94045679999996;
7.943791999999997;19160.0;99.90592399999997;99.90603919999997;99.98626319999997;99.93970319999998;99.94163279999998;99.98876399999997;99.98876399999997;99.98876399999997;99.98876399999997;99.98876399999997;99.98876399999997;99.98876399999997;99.98876399999997;99.98876399999997;99.98876399999997;99.97686639999998;99.95294159999997;99.94127279999998;99.91711919999997;99.94045679999996;
8.043791999999996;19160.0;99.90592399999997;99.90603919999997;99.98626319999997;99.93970319999998;99.94163279999998;99.98876399999997;99.98876399999997;99.98876399999997;99.98876399999997;99.98876399999997;99.98876399999997;99.98876399999997;99.98876399999997;99.98876399999997;99.98876399999997;99.97686639999998;99.95294159999997;99.94127279999998;99.91711919999997;99.94045679999996;
8.143791999999996;19160.0;99.90592399999997;99.90603919999997;99.98626319999997;99.93970319999998;99.94163279999998;99.98876399999997;99.98876399999997;99.98876399999997;99.98876399999997;99.98876399999997;99.98876399999997;99.98876399999997;99.98876399999997;99.98876399999997;99.98876399999997;99.97686639999998;99.95294159999997;99.94127279999998;99.91711919999997;99.94045679999996;
8.243791999999996;19160.0;99.90592399999997;99.90603919999997;99.98626319999997;99.93970319999998;99.94163279999998;99.98876399999997;99.98876399999997;99.98876399999997;99.98876399999997;99.98876399999997;99.98876399999997;99.98876399999997;99.98876399999997;99.98876399999997;99.98876399999997;99.97686639999998;99.95294159999997;99.94127279999998;99.91711919999997;99.94045679999996;
8.343791999999995;19160.0;99.90592399999997;99.90603919999997;99.98626319999997;99.93970319999998;99.94163279999998;99.98876399999997;99.98876399999997;99.98876399999997;99.98876399999997;99.98876399999997;99.98876399999997;99.98876399999997;99.98876399999997;99.98876399999997;99.98876399999997;99.97686639999998;99.95294159999997;99.94127279999998;99.91711919999997;99.94045679999996;
8.443791999999995;19160.0;99.90592399999997;99.90603919999997;99.98626319999997;99.93970319999998;99.94163279999998;99.98876399999997;99.98876399999997;99.98876399999997;99.98876399999997;99.98876399999997;99.98876399999997;99.98876399999997;99.98876399999997;99.98876399999997;99.98876399999997;99.97686639999998;99.95294159999997;99.94127279999998;99.91711919999997;99.94045679999996;
8.543791999999995;19160.0;99.90592399999997;99.90603919999997;99.98626319999997;99.93970319999998;99.94163279999998;99.98876399999997;99.98876399999997;99.98876399999997;99.98876399999997;99.98876399999997;99.98876399999997;99.98876399999997;99.98876399999997;99.98876399999997;99.98876399999997;99.97686639999998;99.95294159999997;99.94127279999998;99.91711919999997;99.94045679999996;
8.602397333333329;19160.0;99.90592399999997;99.89459919999997;99.98626319999997;99.91592319999998;99.94163279999998;99.98876399999997;99.98876399999997;99.98876399999997;99.98876399999997;99.98876399999997;99.98876399999997;99.98876399999997;99.98876399999997;99.98876399999997;99.98876399999997;99.97686639999998;99.95294159999997;99.94127279999998;99.91711919999997;99.94045679999996;
8.705665333333329;19160.0;99.85903519999998;99.84666559999997;99.98616319999996;99.91592319999998;99.94163279999998;99.98876399999997;99.98876399999997;99.98876399999997;99.98876399999997;99.98876399999997;99.98876399999997;99.98876399999997;99.98876399999997;99.98876399999997;99.98876399999997;99.97686639999998;99.94127279999998;99.91701919999997;99.91711919999997;99.94045679999996;
8.801874666666667;19160.0;99.85903519999998;99.84666559999997;99.98616319999996;99.91592319999998;99.91785279999998;99.98866399999997;99.98866399999997;99.98866399999997;99.98866399999997;99.98866399999997;99.98876399999997;99.98876399999997;99.98866399999997;99.98866399999997;99.98866399999997;99.94094399999997;99.91701919999997;99.91701919999997;99.91701919999997;99.91620319999996;
8.901874666666668;19160.0;99.85903519999998;99.84666559999997;99.98616319999996;99.90448319999999;99.91785279999998;99.98866399999997;99.98866399999997;99.98866399999997;99.98866399999997;99.98866399999997;99.98866399999997;99.98866399999997;99.98866399999997;99.98866399999997;99.98866399999997;99.94094399999997;99.91701919999997;99.90535039999997;99.88119679999997;99.91620319999996;
9.086318666666667;19160.0;99.85903519999998;99.84666559999997;99.98616319999996;99.90448319999999;99.91785279999998;99.98866399999997;99.98866399999997;99.98866399999997;99.98866399999997;99.98866399999997;99.98866399999997;99.98866399999997;99.98866399999997;99.98866399999997;99.98866399999997;99.94094399999997;99.91701919999997;99.90535039999997;99.88119679999997;99.91620319999996;
9.186318666666667;19160.0;99.85903519999998;99.84666559999997;99.98616319999996;99.90448319999999;99.91785279999998;99.98866399999997;99.98866399999997;99.98866399999997;99.98866399999997;99.98866399999997;99.98866399999997;99.98866399999997;99.98866399999997;99.98866399999997;99.98866399999997;99.94094399999997;99.91701919999997;99.90535039999997;99.88119679999997;99.91620319999996;
9.286318666666666;19160.0;99.85903519999998;99.84666559999997;99.98616319999996;99.90448319999999;99.91785279999998;99.98866399999997;99.98866399999997;99.98866399999997;99.98866399999997;99.98866399999997;99.98866399999997;99.98866399999997;99.98866399999997;99.98866399999997;99.98866399999997;99.94094399999997;99.91701919999997;99.90535039999997;99.88119679999997;99.91620319999996;
9.386318666666666;19160.0;99.85903519999998;99.84666559999997;99.98616319999996;99.90448319999999;99.91785279999998;99.98866399999997;99.98866399999997;99.98866399999997;99.98866399999997;99.98866399999997;99.98866399999997;99.98866399999997;99.98866399999997;99.98866399999997;99.98866399999997;99.94094399999997;99.91701919999997;99.90535039999997;99.88119679999997;99.91620319999996;
9.486318666666666;19160.0;99.85903519999998;99.84666559999997;99.98616319999996;99.90448319999999;99.91785279999998;99.98866399999997;99.98866399999997;99.98866399999997;99.98866399999997;99.98866399999997;99.98866399999997;99.98866399999997;99.98866399999997;99.98866399999997;99.98866399999997;99.94094399999997;99.91701919999997;99.90535039999997;99.88119679999997;99.91620319999996;
9.554597333333332;19160.0;99.85903519999998;99.84666559999997;99.98616319999996;99.90438319999998;99.91785279999998;99.98866399999997;99.98866399999997;99.98866399999997;99.98866399999997;99.98866399999997;99.98866399999997;99.98866399999997;99.98866399999997;99.98866399999997;99.98866399999997;99.94094399999997;99.91701919999997;99.90535039999997;99.88119679999997;99.91620319999996;
9.602397333333332;19160.0;99.85903519999998;99.83522559999997;99.98616319999996;99.88070319999999;99.91785279999998;99.98866399999997;99.98866399999997;99.98866399999997;99.98866399999997;99.98866399999997;99.98866399999997;99.98866399999997;99.98866399999997;99.98866399999997;99.98866399999997;99.94094399999997;99.91701919999997;99.90535039999997;99.88119679999997;99.91620319999996;
9.705665333333332;19160.0;99.81167279999998;99.78729199999997;99.98616319999996;99.88070319999999;99.91785279999998;99.98866399999997;99.98866399999997;99.98866399999997;99.98866399999997;99.98866399999997;99.98866399999997;99.98866399999997;99.98866399999997;99.98866399999997;99.98866399999997;99.94094399999997;99.90535039999997;99.88109679999997;99.88119679999997;99.91620319999996;
9.825012;19160.0;99.81167279999998;99.78729199999997;99.98606319999996;99.88070319999999;99.91785279999998;99.98866399999997;99.98866399999997;99.98866399999997;99.98866399999997;99.98866399999997;99.98866399999997;99.98866399999997;99.98866399999997;99.98866399999997;99.98866399999997;99.90502159999997;99.88109679999997;99.88109679999997;99.88109679999997;99.91620319999996;
9.90187466666667;19160.0;99.81167279999998;99.78729199999997;99.98606319999996;99.88070319999999;99.89407279999998;99.98856399999997;99.98856399999997;99.98856399999997;99.98856399999997;99.98856399999997;99.98866399999997;99.98866399999997;99.98856399999997;99.98856399999997;99.98856399999997;99.90502159999997;99.88109679999997;99.88109679999997;99.88109679999997;99.89194959999995;
10.001874666666671;19160.0;99.81167279999998;99.78729199999997;99.98606319999996;99.86926319999999;99.89407279999998;99.98856399999997;99.98856399999997;99.98856399999997;99.98856399999997;99.98856399999997;99.98856399999997;99.98856399999997;99.98856399999997;99.98856399999997;99.98856399999997;99.90502159999997;99.88109679999997;99.88109679999997;99.86942799999997;99.89194959999995;
10.186318666666672;19160.0;99.81167279999998;99.78729199999997;99.98606319999996;99.86926319999999;99.89407279999998;99.98856399999997;99.98856399999997;99.98856399999997;99.98856399999997;99.98856399999997;99.98856399999997;99.98856399999997;99.98856399999997;99.98856399999997;99.98856399999997;99.90502159999997;99.88109679999997;99.88109679999997;99.86942799999997;99.89194959999995;
10.286318666666672;19160.0;99.81167279999998;99.78729199999997;99.98606319999996;99.86926319999999;99.89407279999998;99.98856399999997;99.98856399999997;99.98856399999997;99.98856399999997;99.98856399999997;99.98856399999997;99.98856399999997;99.98856399999997;99.98856399999997;99.98856399999997;99.90502159999997;99.88109679999997;99.88109679999997;99.86942799999997;99.89194959999995;
10.386318666666671;19160.0;99.81167279999998;99.78729199999997;99.98606319999996;99.86926319999999;99.89407279999998;99.98856399999997;99.98856399999997;99.98856399999997;99.98856399999997;99.98856399999997;99.98856399999997;99.98856399999997;99.98856399999997;99.98856399999997;99.98856399999997;99.90502159999997;99.88109679999997;99.88109679999997;99.86942799999997;99.89194959999995;
10.486318666666671;19160.0;99.81167279999998;99.78729199999997;99.98606319999996;99.86926319999999;99.89407279999998;99.98856399999997;99.98856399999997;99.98856399999997;99.98856399999997;99.98856399999997;99.98856399999997;99.98856399999997;99.98856399999997;99.98856399999997;99.98856399999997;99.90502159999997;99.88109679999997;99.88109679999997;99.86942799999997;99.89194959999995;
10.554597333333337;19160.0;99.81167279999998;99.78729199999997;99.98606319999996;99.86916319999999;99.89407279999998;99.98856399999997;99.98856399999997;99.98856399999997;99.98856399999997;99.98856399999997;99.98856399999997;99.98856399999997;99.98856399999997;99.98856399999997;99.98856399999997;99.90502159999997;99.88109679999997;99.88109679999997;99.86942799999997;99.89194959999995;
10.602397333333338;19160.0;99.81167279999998;99.77585199999997;99.98606319999996;99.84548319999999;99.89407279999998;99.98856399999997;99.98856399999997;99.98856399999997;99.98856399999997;99.98856399999997;99.98856399999997;99.98856399999997;99.98856399999997;99.98856399999997;99.98856399999997;99.90502159999997;99.88109679999997;99.88109679999997;99.86942799999997;99.89194959999995;
10.705665333333336;19160.0;99.76478399999999;99.72791839999996;99.98606319999996;99.84548319999999;99.89407279999998;99.98856399999997;99.98856399999997;99.98856399999997;99.98856399999997;99.98856399999997;99.98856399999997;99.98856399999997;99.98856399999997;99.98856399999997;99.98856399999997;99.90502159999997;99.88099679999996;99.88099679999996;99.86942799999997;99.89194959999995;
10.805665333333335;19160.0;99.76478399999999;99.72791839999996;99.98606319999996;99.84548319999999;99.89407279999998;99.98856399999997;99.98856399999997;99.98856399999997;99.98856399999997;99.98856399999997;99.98856399999997;99.98856399999997;99.98856399999997;99.98856399999997;99.98856399999997;99.88076799999996;99.88099679999996;99.88099679999996;99.86942799999997;99.89194959999995;
10.925012000000002;19160.0;99.76478399999999;99.72791839999996;99.98596319999996;99.84548319999999;99.89407279999998;99.98856399999997;99.98856399999997;99.98856399999997;99.98856399999997;99.98856399999997;99.98856399999997;99.98856399999997;99.98856399999997;99.98856399999997;99.98856399999997;99.88076799999996;99.88099679999996;99.88099679999996;99.86932799999997;99.89194959999995;
11.00187466666667;19160.0;99.76478399999999;99.72791839999996;99.98596319999996;99.84548319999999;99.87029279999997;99.98846399999996;99.98846399999996;99.98846399999996;99.98846399999996;99.98846399999996;99.98856399999997;99.98856399999997;99.98846399999996;99.98846399999996;99.98846399999996;99.88076799999996;99.88099679999996;99.86932799999997;99.84517439999996;99.86769599999994;
11.101874666666669;19160.0;99.76478399999999;99.72791839999996;99.98596319999996;99.8340432;99.87029279999997;99.98846399999996;99.98846399999996;99.98846399999996;99.98846399999996;99.98846399999996;99.98846399999996;99.98846399999996;99.98846399999996;99.98846399999996;99.98846399999996;99.88076799999996;99.88099679999996;99.86932799999997;99.83350559999997;99.86769599999994;
11.286318666666668;19160.0;99.76478399999999;99.72791839999996;99.98596319999996;99.8340432;99.87029279999997;99.98846399999996;99.98846399999996;99.98846399999996;99.98846399999996;99.98846399999996;99.98846399999996;99.98846399999996;99.98846399999996;99.98846399999996;99.98846399999996;99.88076799999996;99.88099679999996;99.86932799999997;99.83350559999997;99.86769599999994;
11.386318666666668;19160.0;99.76478399999999;99.72791839999996;99.98596319999996;99.8340432;99.87029279999997;99.98846399999996;99.98846399999996;99.98846399999996;99.98846399999996;99.98846399999996;99.98846399999996;99.98846399999996;99.98846399999996;99.98846399999996;99.98846399999996;99.88076799999996;99.88099679999996;99.86932799999997;99.83350559999997;99.86769599999994;
11.486318666666667;19160.0;99.76478399999999;99.72791839999996;99.98596319999996;99.8340432;99.87029279999997;99.98846399999996;99.98846399999996;99.98846399999996;99.98846399999996;99.98846399999996;99.98846399999996;99.98846399999996;99.98846399999996;99.98846399999996;99.98846399999996;99.88076799999996;99.88099679999996;99.86932799999997;99.83350559999997;99.86769599999994;
11.554597333333334;19160.0;99.76478399999999;99.72791839999996;99.98596319999996;99.8339432;99.87029279999997;99.98846399999996;99.98846399999996;99.98846399999996;99.98846399999996;99.98846399999996;99.98846399999996;99.98846399999996;99.98846399999996;99.98846399999996;99.98846399999996;99.88076799999996;99.88099679999996;99.86932799999997;99.83350559999997;99.86769599999994;
11.602397333333334;19160.0;99.76478399999999;99.71647839999997;99.98596319999996;99.8102632;99.87029279999997;99.98846399999996;99.98846399999996;99.98846399999996;99.98846399999996;99.98846399999996;99.98846399999996;99.98846399999996;99.98846399999996;99.98846399999996;99.98846399999996;99.88076799999996;99.88099679999996;99.86932799999997;99.83350559999997;99.86769599999994;
11.737429333333335;19160.0;99.7174216;99.66854479999996;99.98596319999996;99.8102632;99.87029279999997;99.98846399999996;99.98846399999996;99.98846399999996;99.98846399999996;99.98846399999996;99.98846399999996;99.98846399999996;99.98846399999996;99.98846399999996;99.98846399999996;99.88066799999996;99.88099679999996;99.86932799999997;99.83350559999997;99.86769599999994;
11.805665333333334;19160.0;99.7174216;99.66854479999996;99.98596319999996;99.8102632;99.87029279999997;99.98846399999996;99.98846399999996;99.98846399999996;99.98846399999996;99.98846399999996;99.98846399999996;99.98846399999996;99.98846399999996;99.98846399999996;99.98846399999996;99.88066799999996;99.86932799999997;99.84507439999996;99.83350559999997;99.86769599999994;
11.925012;19160.0;99.7174216;99.66854479999996;99.98596319999996;99.8102632;99.87029279999997;99.98846399999996;99.98846399999996;99.98846399999996;99.98846399999996;99.98846399999996;99.98846399999996;99.98846399999996;99.98846399999996;99.98846399999996;99.98846399999996;99.86899919999996;99.84507439999996;99.84507439999996;99.83340559999996;99.86769599999994;
12.0;19160.0;99.7174216;99.66854479999996;99.98586319999995;99.8102632;99.87029279999997;99.98846399999996;99.98846399999996;99.98846399999996;99.98846399999996;99.98846399999996;99.98846399999996;99.98846399999996;99.98846399999996;99.98846399999996;99.98846399999996;99.86899919999996;99.84507439999996;99.83340559999996;99.80925199999996;99.86769599999994;
12.101874666666665;19160.0;99.7174216;99.66854479999996;99.98586319999995;99.8102632;99.87019279999997;99.98836399999996;99.96421039999996;99.96421039999996;99.98836399999996;99.98836399999996;99.98846399999996;99.97679519999997;99.96421039999996;99.98836399999996;99.98836399999996;99.86899919999996;99.84507439999996;99.83340559999996;99.80925199999996;99.86759599999993;
12.209326666666666;19160.0;99.7174216;99.66854479999996;99.98586319999995;99.7985944;99.82270159999997;99.98836399999996;99.92838799999996;99.96421039999996;99.97669519999997;99.95254159999996;99.92838799999996;99.95254159999996;99.96421039999996;99.98836399999996;99.98836399999996;99.86899919999996;99.84507439999996;99.83340559999996;99.80925199999996;99.86759599999993;
12.343791999999999;19160.0;99.7174216;99.66854479999996;99.98586319999995;99.7985944;99.82270159999997;99.98836399999996;99.92838799999996;99.96421039999996;99.97669519999997;99.94087279999997;99.92838799999996;99.95254159999996;99.96421039999996;99.98836399999996;99.98836399999996;99.86899919999996;99.84507439999996;99.83340559999996;99.80925199999996;99.86759599999993;
12.443791999999998;19160.0;99.7174216;99.66854479999996;99.98586319999995;99.7985944;99.82270159999997;99.98836399999996;99.92838799999996;99.96421039999996;99.97669519999997;99.94087279999997;99.92838799999996;99.95254159999996;99.96421039999996;99.98836399999996;99.98836399999996;99.86899919999996;99.84507439999996;99.83340559999996;99.80925199999996;99.86759599999993;
12.543791999999998;19160.0;99.7174216;99.66854479999996;99.98586319999995;99.7985944;99.82270159999997;99.98836399999996;99.92838799999996;99.96421039999996;99.97669519999997;99.94087279999997;99.92838799999996;99.95254159999996;99.96421039999996;99.98836399999996;99.98836399999996;99.86899919999996;99.84507439999996;99.83340559999996;99.80925199999996;99.86759599999993;
12.603486666666665;19160.0;99.7174216;99.65687599999997;99.98586319999995;99.77434079999999;99.82270159999997;99.98836399999996;99.92838799999996;99.96421039999996;99.97669519999997;99.94087279999997;99.92838799999996;99.95254159999996;99.96421039999996;99.98836399999996;99.98836399999996;99.86899919999996;99.84507439999996;99.83340559999996;99.80925199999996;99.86759599999993;
12.743792;19160.0;99.6456768;99.60846879999995;99.98586319999995;99.77434079999999;99.82270159999997;99.98836399999996;99.92838799999996;99.96421039999996;99.97669519999997;99.94087279999997;99.92838799999996;99.95254159999996;99.96421039999996;99.98836399999996;99.98836399999996;99.86899919999996;99.84507439999996;99.83340559999996;99.80925199999996;99.86759599999993;
12.804575999999997;19160.0;99.6456768;99.60846879999995;99.98586319999995;99.77434079999999;99.82270159999997;99.98836399999996;99.92838799999996;99.96421039999996;99.97669519999997;99.94087279999997;99.92838799999996;99.95254159999996;99.96421039999996;99.98836399999996;99.98836399999996;99.86899919999996;99.83363439999997;99.78547199999996;99.80925199999996;99.86759599999993;
12.925011999999997;19160.0;99.6456768;99.60846879999995;99.98586319999995;99.77434079999999;99.82270159999997;99.98836399999996;99.92838799999996;99.96421039999996;99.97669519999997;99.94087279999997;99.92838799999996;99.95254159999996;99.96421039999996;99.98836399999996;99.98836399999996;99.83330559999996;99.79818559999997;99.78547199999996;99.80915199999995;99.86759599999993;
13.025011999999997;19160.0;99.6456768;99.60846879999995;99.98586319999995;99.77434079999999;99.82270159999997;99.98836399999996;99.92838799999996;99.96421039999996;99.97669519999997;99.94087279999997;99.92838799999996;99.95254159999996;99.96421039999996;99.98836399999996;99.98836399999996;99.83330559999996;99.79818559999997;99.77380319999996;99.78499839999995;99.86759599999993;
13.121221333333331;19160.0;99.6456768;99.60846879999995;99.98576319999995;99.77434079999999;99.82270159999997;99.98836399999996;99.92838799999996;99.96421039999996;99.97669519999997;99.94087279999997;99.92838799999996;99.95244159999996;99.96421039999996;99.98836399999996;99.98836399999996;99.83330559999996;99.79818559999997;99.77380319999996;99.78499839999995;99.86759599999993;
13.209326666666664;19160.0;99.6456768;99.60846879999995;99.98576319999995;99.762672;99.78677919999997;99.98826399999996;99.90413439999995;99.93995679999995;99.94077279999996;99.91661919999996;99.90413439999995;99.91661919999996;99.93995679999995;99.98826399999996;99.98826399999996;99.83330559999996;99.79818559999997;99.77380319999996;99.78499839999995;99.86749599999993;
13.386318666666666;19160.0;99.6456768;99.60846879999995;99.98576319999995;99.762672;99.77511039999997;99.98826399999996;99.85664319999995;99.90413439999995;99.94077279999996;99.89328159999997;99.86831199999995;99.91661919999996;99.93995679999995;99.98826399999996;99.98826399999996;99.83330559999996;99.79818559999997;99.77380319999996;99.78499839999995;99.86749599999993;
13.486318666666666;19160.0;99.6456768;99.60846879999995;99.98576319999995;99.762672;99.77511039999997;99.98826399999996;99.85664319999995;99.90413439999995;99.94077279999996;99.89328159999997;99.86831199999995;99.91661919999996;99.93995679999995;99.98826399999996;99.98826399999996;99.83330559999996;99.79818559999997;99.77380319999996;99.78499839999995;99.86749599999993;
13.554597333333332;19160.0;99.6456768;99.60846879999995;99.98576319999995;99.76257199999999;99.77511039999997;99.98826399999996;99.85664319999995;99.90413439999995;99.94077279999996;99.89328159999997;99.86831199999995;99.91661919999996;99.93995679999995;99.98826399999996;99.98826399999996;99.83330559999996;99.79818559999997;99.77380319999996;99.78499839999995;99.86749599999993;
13.603486666666665;19160.0;99.6456768;99.59679999999996;99.98576319999995;99.73841839999999;99.77511039999997;99.98826399999996;99.85664319999995;99.90413439999995;99.94077279999996;99.89328159999997;99.86831199999995;99.91661919999996;99.93995679999995;99.98826399999996;99.98826399999996;99.83330559999996;99.79818559999997;99.77380319999996;99.78499839999995;99.86749599999993;
13.743792;19160.0;99.5734584;99.54839279999995;99.98576319999995;99.73841839999999;99.77511039999997;99.98826399999996;99.85664319999995;99.90413439999995;99.94077279999996;99.89328159999997;99.86831199999995;99.91661919999996;99.93995679999995;99.98826399999996;99.98826399999996;99.83330559999996;99.79818559999997;99.77380319999996;99.78499839999995;99.86749599999993;
13.804575999999999;19160.0;99.5734584;99.54839279999995;99.98576319999995;99.73841839999999;99.77511039999997;99.98826399999996;99.85664319999995;99.90413439999995;99.94077279999996;99.89328159999997;99.86831199999995;99.91661919999996;99.93995679999995;99.98826399999996;99.98826399999996;99.83330559999996;99.78674559999997;99.72586959999995;99.78499839999995;99.86749599999993;
13.985229333333331;19160.0;99.5734584;99.54839279999995;99.98576319999995;99.73841839999999;99.77511039999997;99.98826399999996;99.85664319999995;99.90413439999995;99.94077279999996;99.89328159999997;99.86831199999995;99.91661919999996;99.93995679999995;99.98826399999996;99.98826399999996;99.79785679999996;99.75082319999997;99.72586959999995;99.78499839999995;99.86749599999993;
14.025011999999998;19160.0;99.5734584;99.54839279999995;99.98576319999995;99.73841839999999;99.77511039999997;99.98826399999996;99.85664319999995;99.90413439999995;99.94077279999996;99.89328159999997;99.86831199999995;99.91661919999996;99.93995679999995;99.98826399999996;99.98826399999996;99.79785679999996;99.75082319999997;99.72586959999995;99.78489839999995;99.86749599999993;
14.121743999999998;19160.0;99.5734584;99.54839279999995;99.98576319999995;99.73841839999999;99.77501039999997;99.98826399999996;99.85664319999995;99.90413439999995;99.94077279999996;99.89328159999997;99.86831199999995;99.91661919999996;99.93995679999995;99.98826399999996;99.98826399999996;99.79785679999996;99.75082319999997;99.71420079999996;99.76074479999994;99.86749599999993;
14.209326666666664;19160.0;99.5734584;99.54839279999995;99.98566319999995;99.72674959999999;99.75085679999997;99.98826399999996;99.85664319999995;99.90413439999995;99.90485039999996;99.86902799999996;99.86831199999995;99.91651919999995;99.93995679999995;99.98826399999996;99.98826399999996;99.79785679999996;99.75082319999997;99.71420079999996;99.76074479999994;99.86749599999993;
14.324445333333331;19160.0;99.5734584;99.54839279999995;99.98566319999995;99.72674959999999;99.72751919999997;99.98816399999995;99.78489839999995;99.84405839999994;99.90485039999996;99.85735919999996;99.83238959999994;99.88069679999995;99.91570319999994;99.98816399999995;99.98816399999995;99.79785679999996;99.75082319999997;99.71420079999996;99.76074479999994;99.86739599999993;
14.485229333333331;19160.0;99.5734584;99.54839279999995;99.98566319999995;99.72674959999999;99.72751919999997;99.98816399999995;99.78489839999995;99.84405839999994;99.90485039999996;99.84569039999997;99.80823599999994;99.88069679999995;99.91570319999994;99.98816399999995;99.98816399999995;99.79785679999996;99.75082319999997;99.71420079999996;99.76074479999994;99.86739599999993;
14.55459733333333;19160.0;99.5734584;99.54839279999995;99.98566319999995;99.72664959999999;99.72751919999997;99.98816399999995;99.78489839999995;99.84405839999994;99.90485039999996;99.84569039999997;99.80823599999994;99.88069679999995;99.91570319999994;99.98816399999995;99.98816399999995;99.79785679999996;99.75082319999997;99.71420079999996;99.76074479999994;99.86739599999993;
14.603486666666663;19160.0;99.5734584;99.53672399999995;99.98566319999995;99.70249599999998;99.72751919999997;99.98816399999995;99.78489839999995;99.84405839999994;99.90485039999996;99.84569039999997;99.80823599999994;99.88069679999995;99.91570319999994;99.98816399999995;99.98816399999995;99.79785679999996;99.75082319999997;99.71420079999996;99.76074479999994;99.86739599999993;
14.742702666666663;19160.0;99.50171360000002;99.48831679999994;99.98566319999995;99.70249599999998;99.72751919999997;99.98816399999995;99.78489839999995;99.84405839999994;99.90485039999996;99.84569039999997;99.80823599999994;99.88069679999995;99.91570319999994;99.98816399999995;99.98816399999995;99.79785679999996;99.75082319999997;99.71420079999996;99.76074479999994;99.86739599999993;
14.804575999999996;19160.0;99.50171360000002;99.48831679999994;99.98566319999995;99.70249599999998;99.72751919999997;99.98816399999995;99.78489839999995;99.84405839999994;99.90485039999996;99.84569039999997;99.80823599999994;99.88069679999995;99.91570319999994;99.98816399999995;99.98816399999995;99.79785679999996;99.73938319999998;99.66626719999995;99.76074479999994;99.86739599999993;
14.986318666666662;19160.0;99.50171360000002;99.48831679999994;99.98566319999995;99.70249599999998;99.72751919999997;99.98816399999995;99.78489839999995;99.84405839999994;99.90485039999996;99.84569039999997;99.80823599999994;99.88069679999995;99.91570319999994;99.98816399999995;99.98816399999995;99.76216319999996;99.70393439999998;99.66626719999995;99.76074479999994;99.86739599999993;
15.086318666666662;19160.0;99.50171360000002;99.48831679999994;99.98566319999995;99.70249599999998;99.72751919999997;99.98816399999995;99.78489839999995;99.84405839999994;99.90485039999996;99.84569039999997;99.80823599999994;99.88069679999995;99.91570319999994;99.98816399999995;99.98816399999995;99.76216319999996;99.70393439999998;99.66626719999995;99.76074479999994;99.86739599999993;
15.121743999999994;19160.0;99.50171360000002;99.48831679999994;99.98566319999995;99.70249599999998;99.72741919999997;99.98816399999995;99.78489839999995;99.84405839999994;99.90485039999996;99.84569039999997;99.80823599999994;99.88069679999995;99.91570319999994;99.98816399999995;99.98816399999995;99.76216319999996;99.70393439999998;99.66626719999995;99.76074479999994;99.86739599999993;
15.20932666666666;19160.0;99.50171360000002;99.48831679999994;99.98566319999995;99.69082719999999;99.70326559999997;99.98816399999995;99.78489839999995;99.84405839999994;99.86892799999995;99.82143679999996;99.80823599999994;99.88069679999995;99.91570319999994;99.98816399999995;99.98816399999995;99.76216319999996;99.70393439999998;99.65459839999995;99.73649119999993;99.86739599999993;
15.324445333333328;19160.0;99.50171360000002;99.48831679999994;99.98556319999994;99.69082719999999;99.67992799999998;99.98816399999995;99.71315359999994;99.78398239999993;99.86892799999995;99.82143679999996;99.80813599999993;99.88059679999995;99.91570319999994;99.98816399999995;99.98816399999995;99.76216319999996;99.70393439999998;99.65459839999995;99.73649119999993;99.86739599999993;
15.424445333333328;19160.0;99.50171360000002;99.48831679999994;99.98556319999994;99.69082719999999;99.67992799999998;99.98806399999995;99.71315359999994;99.78398239999993;99.86892799999995;99.80976799999996;99.77231359999993;99.84477439999995;99.89144959999993;99.98806399999995;99.98806399999995;99.76216319999996;99.70393439999998;99.65459839999995;99.73649119999993;99.86729599999993;
15.554597333333328;19160.0;99.50171360000002;99.48831679999994;99.98556319999994;99.69072719999998;99.67992799999998;99.98806399999995;99.71315359999994;99.78398239999993;99.86892799999995;99.79809919999997;99.74815999999993;99.84477439999995;99.89144959999993;99.98806399999995;99.98806399999995;99.76216319999996;99.70393439999998;99.65459839999995;99.73649119999993;99.86729599999993;
15.603486666666662;19160.0;99.50171360000002;99.47664799999994;99.98556319999994;99.66657359999998;99.67992799999998;99.98806399999995;99.71315359999994;99.78398239999993;99.86892799999995;99.79809919999997;99.74815999999993;99.84477439999995;99.89144959999993;99.98806399999995;99.98806399999995;99.76216319999996;99.70393439999998;99.65459839999995;99.73649119999993;99.86729599999993;
15.743791999999996;19160.0;99.42949520000002;99.42824079999993;99.98556319999994;99.66657359999998;99.67992799999998;99.98806399999995;99.71315359999994;99.78398239999993;99.86892799999995;99.79809919999997;99.74815999999993;99.84477439999995;99.89144959999993;99.98806399999995;99.98806399999995;99.76216319999996;99.70393439999998;99.65459839999995;99.73649119999993;99.86729599999993;
15.804575999999996;19160.0;99.42949520000002;99.42824079999993;99.98556319999994;99.66657359999998;99.67992799999998;99.98806399999995;99.71315359999994;99.78398239999993;99.86892799999995;99.79809919999997;99.74815999999993;99.84477439999995;99.89144959999993;99.98806399999995;99.98806399999995;99.76216319999996;99.69249439999999;99.60666479999995;99.73649119999993;99.86729599999993;
15.985229333333328;19160.0;99.42949520000002;99.42824079999993;99.98556319999994;99.66657359999998;99.67992799999998;99.98806399999995;99.71315359999994;99.78398239999993;99.86892799999995;99.79809919999997;99.74815999999993;99.84477439999995;99.89144959999993;99.98806399999995;99.98806399999995;99.72671439999996;99.65657199999998;99.60666479999995;99.73649119999993;99.86729599999993;
16.085229333333327;19160.0;99.42949520000002;99.42824079999993;99.98556319999994;99.66657359999998;99.67992799999998;99.98806399999995;99.71315359999994;99.78398239999993;99.86892799999995;99.79809919999997;99.74815999999993;99.84477439999995;99.89144959999993;99.98806399999995;99.98806399999995;99.72671439999996;99.65657199999998;99.60666479999995;99.73649119999993;99.86729599999993;
16.121743999999993;19160.0;99.42949520000002;99.42824079999993;99.98556319999994;99.66657359999998;99.67982799999997;99.98806399999995;99.71315359999994;99.78398239999993;99.86892799999995;99.79809919999997;99.74815999999993;99.84477439999995;99.89144959999993;99.98806399999995;99.98806399999995;99.72671439999996;99.65657199999998;99.60666479999995;99.73649119999993;99.86729599999993;
16.209326666666662;19160.0;99.42949520000002;99.42824079999993;99.98556319999994;99.65490479999998;99.65567439999997;99.98806399999995;99.71315359999994;99.78398239999993;99.83300559999995;99.77384559999996;99.74815999999993;99.84477439999995;99.89144959999993;99.98806399999995;99.98806399999995;99.72671439999996;99.65657199999998;99.60666479999995;99.73649119999993;99.86729599999993;
16.325011999999994;19160.0;99.42949520000002;99.42824079999993;99.98556319999994;99.65490479999998;99.63233679999998;99.98806399999995;99.64140879999994;99.72390639999992;99.83300559999995;99.77384559999996;99.74815999999993;99.84477439999995;99.89144959999993;99.98806399999995;99.98806399999995;99.72671439999996;99.65657199999998;99.59499599999995;99.71223759999992;99.86729599999993;
16.424445333333324;19160.0;99.42949520000002;99.42824079999993;99.98546319999994;99.65490479999998;99.63233679999998;99.98806399999995;99.64140879999994;99.72390639999992;99.83300559999995;99.77384559999996;99.74805999999992;99.84467439999995;99.89144959999993;99.98806399999995;99.98806399999995;99.72671439999996;99.65657199999998;99.59499599999995;99.71223759999992;99.86729599999993;
16.52444533333333;19160.0;99.42949520000002;99.42824079999993;99.98546319999994;99.65490479999998;99.63233679999998;99.98796399999995;99.64140879999994;99.72390639999992;99.83300559999995;99.76217679999996;99.71223759999992;99.80885199999994;99.86719599999992;99.98796399999995;99.98796399999995;99.72671439999996;99.65657199999998;99.59499599999995;99.71223759999992;99.86719599999992;
16.603486666666665;19160.0;99.42949520000002;99.41657199999993;99.98546319999994;99.63065119999997;99.63233679999998;99.98796399999995;99.64140879999994;99.72390639999992;99.83300559999995;99.75050799999997;99.68808399999992;99.80885199999994;99.86719599999992;99.98796399999995;99.98796399999995;99.72671439999996;99.65657199999998;99.59499599999995;99.71223759999992;99.86719599999992;
16.742702666666666;19160.0;99.35775040000003;99.36816479999992;99.98546319999994;99.63065119999997;99.63233679999998;99.98796399999995;99.64140879999994;99.72390639999992;99.83300559999995;99.75050799999997;99.68808399999992;99.80885199999994;99.86719599999992;99.98796399999995;99.98796399999995;99.72671439999996;99.65657199999998;99.59499599999995;99.71223759999992;99.86719599999992;
16.804575999999997;19160.0;99.35775040000003;99.36816479999992;99.98546319999994;99.63065119999997;99.63233679999998;99.98796399999995;99.64140879999994;99.72390639999992;99.83300559999995;99.75050799999997;99.68808399999992;99.80885199999994;99.86719599999992;99.98796399999995;99.98796399999995;99.72671439999996;99.64513199999999;99.54706239999994;99.71223759999992;99.86719599999992;
16.986318666666662;19160.0;99.35775040000003;99.36816479999992;99.98546319999994;99.63065119999997;99.63233679999998;99.98796399999995;99.64140879999994;99.72390639999992;99.83300559999995;99.75050799999997;99.68808399999992;99.80885199999994;99.86719599999992;99.98796399999995;99.98796399999995;99.69102079999996;99.60968319999999;99.54706239999994;99.71223759999992;99.86719599999992;
17.086318666666664;19160.0;99.35775040000003;99.36816479999992;99.98546319999994;99.63065119999997;99.63233679999998;99.98796399999995;99.64140879999994;99.72390639999992;99.83300559999995;99.75050799999997;99.68808399999992;99.80885199999994;99.86719599999992;99.98796399999995;99.98796399999995;99.69102079999996;99.60968319999999;99.54706239999994;99.71223759999992;99.86719599999992;
17.121743999999996;19160.0;99.35775040000003;99.36816479999992;99.98546319999994;99.63065119999997;99.63223679999997;99.98796399999995;99.64140879999994;99.72390639999992;99.83300559999995;99.75050799999997;99.68808399999992;99.80885199999994;99.86719599999992;99.98796399999995;99.98796399999995;99.69102079999996;99.60968319999999;99.54706239999994;99.71223759999992;99.86719599999992;
17.209326666666662;19160.0;99.35775040000003;99.36816479999992;99.98546319999994;99.61898239999998;99.60808319999997;99.98796399999995;99.64140879999994;99.72390639999992;99.79708319999995;99.72625439999996;99.68808399999992;99.80885199999994;99.86719599999992;99.98796399999995;99.98796399999995;99.69102079999996;99.60968319999999;99.54706239999994;99.71223759999992;99.86719599999992;
17.325011999999994;19160.0;99.35775040000003;99.36816479999992;99.98546319999994;99.61898239999998;99.58474559999998;99.98796399999995;99.56966399999993;99.66383039999991;99.79708319999995;99.72625439999996;99.68808399999992;99.80885199999994;99.86719599999992;99.98796399999995;99.98796399999995;99.69102079999996;99.60968319999999;99.54706239999994;99.71213759999992;99.86719599999992;
17.42501199999999;19160.0;99.35775040000003;99.36816479999992;99.98546319999994;99.61898239999998;99.58474559999998;99.98796399999995;99.56966399999993;99.66383039999991;99.79708319999995;99.72625439999996;99.68808399999992;99.80885199999994;99.86719599999992;99.98796399999995;99.98796399999995;99.69102079999996;99.60968319999999;99.53539359999995;99.68798399999991;99.86719599999992;
17.524445333333325;19160.0;99.35775040000003;99.36816479999992;99.98536319999994;99.61898239999998;99.58474559999998;99.98796399999995;99.56966399999993;99.66383039999991;99.79708319999995;99.72625439999996;99.68798399999991;99.80875199999994;99.86719599999992;99.98796399999995;99.98796399999995;99.69102079999996;99.60968319999999;99.53539359999995;99.68798399999991;99.86719599999992;
17.603486666666665;19160.0;99.35775040000003;99.35649599999992;99.98536319999994;99.59472879999997;99.58474559999998;99.98786399999995;99.56966399999993;99.66383039999991;99.79708319999995;99.71458559999996;99.66383039999991;99.79708319999995;99.84294239999991;99.98786399999995;99.98786399999995;99.69102079999996;99.60968319999999;99.53539359999995;99.68798399999991;99.86709599999992;
17.743791999999996;19160.0;99.28553200000003;99.30808879999991;99.98536319999994;99.59472879999997;99.58474559999998;99.98786399999995;99.56966399999993;99.66383039999991;99.79708319999995;99.71458559999996;99.66383039999991;99.79708319999995;99.84294239999991;99.98786399999995;99.98786399999995;99.69102079999996;99.60968319999999;99.53539359999995;99.68798399999991;99.86709599999992;
17.804575999999994;19160.0;99.28553200000003;99.30808879999991;99.98536319999994;99.59472879999997;99.58474559999998;99.98786399999995;99.56966399999993;99.66383039999991;99.79708319999995;99.71458559999996;99.66383039999991;99.79708319999995;99.84294239999991;99.98786399999995;99.98786399999995;99.69102079999996;99.5982432;99.48745999999994;99.68798399999991;99.86709599999992;
17.985229333333326;19160.0;99.28553200000003;99.30808879999991;99.98536319999994;99.59472879999997;99.58474559999998;99.98786399999995;99.56966399999993;99.66383039999991;99.79708319999995;99.71458559999996;99.66383039999991;99.79708319999995;99.84294239999991;99.98786399999995;99.98786399999995;99.65557199999996;99.5623208;99.48745999999994;99.68798399999991;99.86709599999992;
17.99999999999999;19160.0;99.28553200000003;99.30808879999991;99.98536319999994;99.59472879999997;99.58474559999998;99.98786399999995;99.56966399999993;99.66383039999991;99.79708319999995;99.71458559999996;99.66383039999991;99.79708319999995;99.84294239999991;99.98786399999995;99.98786399999995;99.65557199999996;99.5623208;99.48745999999994;99.68798399999991;99.86709599999992;
18.12174399999999;19160.0;99.28553200000003;99.30808879999991;99.98536319999994;99.59472879999997;99.58464559999997;99.98786399999995;99.56966399999993;99.66383039999991;99.79708319999995;99.71458559999996;99.66383039999991;99.79708319999995;99.84294239999991;99.98786399999995;99.98786399999995;99.65557199999996;99.5623208;99.48745999999994;99.68798399999991;99.86709599999992;
18.20932666666666;19160.0;99.28553200000003;99.30808879999991;99.98536319999994;99.58305999999997;99.56049199999997;99.98786399999995;99.56966399999993;99.66383039999991;99.76116079999994;99.69033199999996;99.66383039999991;99.79708319999995;99.84294239999991;99.98786399999995;99.98786399999995;99.65557199999996;99.5623208;99.48745999999994;99.68798399999991;99.86709599999992;
18.385229333333324;19160.0;99.28553200000003;99.30808879999991;99.98536319999994;99.58305999999997;99.54882319999997;99.98786399999995;99.53374159999993;99.6279079999999;99.76116079999994;99.69033199999996;99.66383039999991;99.79708319999995;99.84294239999991;99.98786399999995;99.98786399999995;99.65557199999996;99.5623208;99.48745999999994;99.68798399999991;99.86709599999992;
18.42501199999999;19160.0;99.28553200000003;99.30808879999991;99.98536319999994;99.58305999999997;99.54882319999997;99.98786399999995;99.53374159999993;99.6279079999999;99.76116079999994;99.69033199999996;99.66383039999991;99.79708319999995;99.84294239999991;99.98786399999995;99.98786399999995;99.65557199999996;99.5623208;99.48745999999994;99.68788399999991;99.86709599999992;
18.525011999999993;19160.0;99.28553200000003;99.30808879999991;99.98536319999994;99.58305999999997;99.54882319999997;99.98786399999995;99.53374159999993;99.6279079999999;99.76116079999994;99.69033199999996;99.66383039999991;99.79708319999995;99.84294239999991;99.98786399999995;99.98786399999995;99.65557199999996;99.5623208;99.48745999999994;99.68788399999991;99.86709599999992;
18.603486666666658;19160.0;99.28553200000003;99.29641999999991;99.98526319999993;99.55880639999997;99.54882319999997;99.98786399999995;99.53374159999993;99.6279079999999;99.76116079999994;99.69033199999996;99.66383039999991;99.77282959999994;99.84294239999991;99.98786399999995;99.98786399999995;99.65557199999996;99.5623208;99.48745999999994;99.68788399999991;99.86709599999992;
18.726666666666652;19160.0;99.24960960000003;99.2721663999999;99.98526319999993;99.55880639999997;99.54882319999997;99.98776399999994;99.53374159999993;99.6279079999999;99.76116079999994;99.67866319999996;99.6279079999999;99.77282959999994;99.84284239999991;99.98776399999994;99.98776399999994;99.65557199999996;99.5623208;99.48745999999994;99.68788399999991;99.86699599999992;
18.80566533333332;19160.0;99.24960960000003;99.2721663999999;99.98526319999993;99.55880639999997;99.54882319999997;99.98776399999994;99.53374159999993;99.6279079999999;99.76116079999994;99.67866319999996;99.6279079999999;99.77282959999994;99.84284239999991;99.98776399999994;99.98776399999994;99.65557199999996;99.56222079999999;99.48735999999994;99.68788399999991;99.86699599999992;
18.986318666666655;19160.0;99.24960960000003;99.2721663999999;99.98526319999993;99.55880639999997;99.54882319999997;99.98776399999994;99.53374159999993;99.6279079999999;99.76116079999994;99.67866319999996;99.6279079999999;99.77282959999994;99.84284239999991;99.98776399999994;99.98776399999994;99.59572479999996;99.53854079999999;99.48735999999994;99.68788399999991;99.86699599999992;
19.086318666666656;19160.0;99.24960960000003;99.2721663999999;99.98526319999993;99.55880639999997;99.54882319999997;99.98776399999994;99.53374159999993;99.6279079999999;99.76116079999994;99.67866319999996;99.6279079999999;99.77282959999994;99.84284239999991;99.98776399999994;99.98776399999994;99.59572479999996;99.53854079999999;99.48735999999994;99.68788399999991;99.86699599999992;
19.12174399999999;19160.0;99.24960960000003;99.2721663999999;99.98526319999993;99.55880639999997;99.54872319999997;99.98776399999994;99.53374159999993;99.6279079999999;99.76116079999994;99.67866319999996;99.6279079999999;99.77282959999994;99.84284239999991;99.98776399999994;99.98776399999994;99.59572479999996;99.53854079999999;99.48735999999994;99.68788399999991;99.86699599999992;
19.209326666666655;19160.0;99.24960960000003;99.2721663999999;99.98526319999993;99.54713759999997;99.52456959999996;99.98776399999994;99.53374159999993;99.6279079999999;99.72523839999994;99.65440959999995;99.6279079999999;99.77282959999994;99.84284239999991;99.98776399999994;99.98776399999994;99.59572479999996;99.53854079999999;99.48735999999994;99.68788399999991;99.86699599999992;
19.386318666666657;19160.0;99.24960960000003;99.2721663999999;99.98526319999993;99.54713759999997;99.51290079999997;99.98776399999994;99.49781919999992;99.5919855999999;99.72523839999994;99.65440959999995;99.6279079999999;99.77282959999994;99.84284239999991;99.98776399999994;99.98776399999994;99.59572479999996;99.53854079999999;99.48735999999994;99.68788399999991;99.86699599999992;
19.48631866666666;19160.0;99.24960960000003;99.2721663999999;99.98526319999993;99.54713759999997;99.51290079999997;99.98776399999994;99.49781919999992;99.5919855999999;99.72523839999994;99.65440959999995;99.6279079999999;99.77282959999994;99.84284239999991;99.98776399999994;99.98776399999994;99.59572479999996;99.53854079999999;99.48735999999994;99.68788399999991;99.86699599999992;
19.525011999999993;19160.0;99.24960960000003;99.2721663999999;99.98526319999993;99.54713759999997;99.51290079999997;99.98776399999994;99.49781919999992;99.5919855999999;99.72523839999994;99.65440959999995;99.6279079999999;99.77282959999994;99.84284239999991;99.98776399999994;99.98776399999994;99.59572479999996;99.53854079999999;99.48735999999994;99.68778399999991;99.86699599999992;
19.60348666666666;19160.0;99.24960960000003;99.26049759999991;99.98526319999993;99.52288399999996;99.51290079999997;99.98776399999994;99.49781919999992;99.5919855999999;99.72523839999994;99.65440959999995;99.6279079999999;99.77272959999993;99.84284239999991;99.98776399999994;99.98776399999994;99.59572479999996;99.53854079999999;99.48735999999994;99.68778399999991;99.86699599999992;
19.72444533333333;19160.0;99.21368720000002;99.2362439999999;99.98516319999993;99.52288399999996;99.51290079999997;99.98776399999994;99.49781919999992;99.5919855999999;99.72523839999994;99.65440959999995;99.6278079999999;99.77272959999993;99.84284239999991;99.98776399999994;99.98776399999994;99.59572479999996;99.53854079999999;99.48735999999994;99.68778399999991;99.86699599999992;
19.80566533333333;19160.0;99.21368720000002;99.2362439999999;99.98516319999993;99.52288399999996;99.51290079999997;99.98766399999994;99.49781919999992;99.5919855999999;99.72523839999994;99.65440959999995;99.6278079999999;99.77272959999993;99.8427423999999;99.98766399999994;99.98766399999994;99.59572479999996;99.53844079999999;99.48735999999994;99.68778399999991;99.86689599999991;
19.956776;19160.0;99.21368720000002;99.2362439999999;99.98516319999993;99.52288399999996;99.51290079999997;99.98766399999994;99.49781919999992;99.5919855999999;99.72523839999994;99.65440959999995;99.6278079999999;99.77272959999993;99.8427423999999;99.98766399999994;99.98766399999994;99.53612239999995;99.51428719999998;99.48725999999994;99.68778399999991;99.86689599999991;
20.085229333333338;19160.0;99.21368720000002;99.2362439999999;99.98516319999993;99.52288399999996;99.51290079999997;99.98766399999994;99.49781919999992;99.5919855999999;99.72523839999994;99.65440959999995;99.6278079999999;99.77272959999993;99.8427423999999;99.98766399999994;99.98766399999994;99.53612239999995;99.51428719999998;99.48725999999994;99.68778399999991;99.86689599999991;
20.121744000000003;19160.0;99.21368720000002;99.2362439999999;99.98516319999993;99.52288399999996;99.51280079999997;99.98766399999994;99.49781919999992;99.5919855999999;99.72523839999994;99.65440959999995;99.6278079999999;99.77272959999993;99.8427423999999;99.98766399999994;99.98766399999994;99.53612239999995;99.51428719999998;99.48725999999994;99.68778399999991;99.86689599999991;
20.209326666666673;19160.0;99.21368720000002;99.2362439999999;99.98516319999993;99.51121519999997;99.48864719999996;99.98766399999994;99.49781919999992;99.5919855999999;99.68931599999993;99.63015599999994;99.6278079999999;99.77272959999993;99.8427423999999;99.98766399999994;99.98766399999994;99.53612239999995;99.51428719999998;99.48725999999994;99.68778399999991;99.86689599999991;
20.38522933333334;19160.0;99.21368720000002;99.2362439999999;99.98516319999993;99.51121519999997;99.47697839999996;99.98766399999994;99.46189679999992;99.5560631999999;99.68931599999993;99.63015599999994;99.6278079999999;99.77272959999993;99.8427423999999;99.98766399999994;99.98766399999994;99.53612239999995;99.51428719999998;99.48725999999994;99.68778399999991;99.86689599999991;
20.48522933333334;19160.0;99.21368720000002;99.2362439999999;99.98516319999993;99.51121519999997;99.47697839999996;99.98766399999994;99.46189679999992;99.5560631999999;99.68931599999993;99.63015599999994;99.6278079999999;99.77272959999993;99.8427423999999;99.98766399999994;99.98766399999994;99.53612239999995;99.51428719999998;99.48725999999994;99.68778399999991;99.86689599999991;
20.55459733333334;19160.0;99.21368720000002;99.2362439999999;99.98516319999993;99.51111519999996;99.47697839999996;99.98766399999994;99.46189679999992;99.5560631999999;99.68931599999993;99.63015599999994;99.6278079999999;99.77272959999993;99.8427423999999;99.98766399999994;99.98766399999994;99.53612239999995;99.51428719999998;99.48725999999994;99.68778399999991;99.86689599999991;
20.603486666666676;19160.0;99.21368720000002;99.2245751999999;99.98516319999993;99.48696159999996;99.47697839999996;99.98766399999994;99.46189679999992;99.5560631999999;99.68931599999993;99.63015599999994;99.6278079999999;99.77272959999993;99.8427423999999;99.98766399999994;99.98766399999994;99.53612239999995;99.51428719999998;99.48725999999994;99.68778399999991;99.86689599999991;
20.724445333333342;19160.0;99.17776480000002;99.2003215999999;99.98516319999993;99.48696159999996;99.47697839999996;99.98766399999994;99.46189679999992;99.5560631999999;99.68931599999993;99.63015599999994;99.6277079999999;99.77262959999993;99.8427423999999;99.98766399999994;99.98766399999994;99.53612239999995;99.51428719999998;99.48725999999994;99.6876839999999;99.86689599999991;
20.80566533333334;19160.0;99.17776480000002;99.2003215999999;99.98506319999993;99.48696159999996;99.47697839999996;99.98766399999994;99.46189679999992;99.5560631999999;99.68931599999993;99.63015599999994;99.6277079999999;99.77262959999993;99.8427423999999;99.98766399999994;99.98766399999994;99.53612239999995;99.51418719999998;99.48725999999994;99.6876839999999;99.86689599999991;
20.926666666666673;19160.0;99.17776480000002;99.2003215999999;99.98506319999993;99.48696159999996;99.47697839999996;99.98756399999994;99.46189679999992;99.5560631999999;99.68931599999993;99.63015599999994;99.6277079999999;99.77262959999993;99.8426423999999;99.98756399999994;99.98756399999994;99.47627519999995;99.49050719999998;99.48725999999994;99.6876839999999;99.86679599999991;
21.056776000000006;19160.0;99.17776480000002;99.2003215999999;99.98506319999993;99.48696159999996;99.47697839999996;99.98756399999994;99.46189679999992;99.5560631999999;99.68931599999993;99.63015599999994;99.6277079999999;99.77262959999993;99.8426423999999;99.98756399999994;99.98756399999994;99.47627519999995;99.49050719999998;99.48715999999993;99.6876839999999;99.86679599999991;
21.121744000000007;19160.0;99.17776480000002;99.2003215999999;99.98506319999993;99.48696159999996;99.47687839999996;99.98756399999994;99.46189679999992;99.5560631999999;99.68931599999993;99.63015599999994;99.6277079999999;99.77262959999993;99.8426423999999;99.98756399999994;99.98756399999994;99.47627519999995;99.49050719999998;99.48715999999993;99.6876839999999;99.86679599999991;
21.209326666666673;19160.0;99.17776480000002;99.2003215999999;99.98506319999993;99.47529279999996;99.45272479999996;99.98756399999994;99.46189679999992;99.5560631999999;99.65339359999993;99.60590239999993;99.6277079999999;99.77262959999993;99.8426423999999;99.98756399999994;99.98756399999994;99.47627519999995;99.49050719999998;99.48715999999993;99.6876839999999;99.86679599999991;
21.386318666666675;19160.0;99.17776480000002;99.2003215999999;99.98506319999993;99.47529279999996;99.44105599999996;99.98756399999994;99.42597439999992;99.5201407999999;99.65339359999993;99.60590239999993;99.6277079999999;99.77262959999993;99.8426423999999;99.98756399999994;99.98756399999994;99.47627519999995;99.49050719999998;99.48715999999993;99.6876839999999;99.86679599999991;
21.486318666666676;19160.0;99.17776480000002;99.2003215999999;99.98506319999993;99.47529279999996;99.44105599999996;99.98756399999994;99.42597439999992;99.5201407999999;99.65339359999993;99.60590239999993;99.6277079999999;99.77262959999993;99.8426423999999;99.98756399999994;99.98756399999994;99.47627519999995;99.49050719999998;99.48715999999993;99.6876839999999;99.86679599999991;
21.554597333333344;19160.0;99.17776480000002;99.2003215999999;99.98506319999993;99.47519279999996;99.44105599999996;99.98756399999994;99.42597439999992;99.5201407999999;99.65339359999993;99.60590239999993;99.6277079999999;99.77262959999993;99.8426423999999;99.98756399999994;99.98756399999994;99.47627519999995;99.49050719999998;99.48715999999993;99.6876839999999;99.86679599999991;
21.603486666666676;19160.0;99.17776480000002;99.1886527999999;99.98506319999993;99.45103919999995;99.44105599999996;99.98756399999994;99.42597439999992;99.5201407999999;99.65339359999993;99.60590239999993;99.6277079999999;99.77262959999993;99.8426423999999;99.98756399999994;99.98756399999994;99.47627519999995;99.49050719999998;99.48715999999993;99.6876839999999;99.86679599999991;
21.725012000000007;19160.0;99.14184240000002;99.16439919999989;99.98506319999993;99.45103919999995;99.44105599999996;99.98756399999994;99.42597439999992;99.5201407999999;99.65339359999993;99.60590239999993;99.6277079999999;99.77262959999993;99.8426423999999;99.98756399999994;99.98756399999994;99.47627519999995;99.49050719999998;99.48715999999993;99.6875839999999;99.86679599999991;
21.805665333333337;19160.0;99.14184240000002;99.16439919999989;99.98506319999993;99.45103919999995;99.44105599999996;99.98756399999994;99.42597439999992;99.5201407999999;99.65339359999993;99.60590239999993;99.6277079999999;99.77252959999993;99.8426423999999;99.98756399999994;99.98756399999994;99.47627519999995;99.49040719999998;99.48715999999993;99.6875839999999;99.86679599999991;
21.92444533333334;19160.0;99.14184240000002;99.16439919999989;99.98496319999992;99.45103919999995;99.44105599999996;99.98756399999994;99.42597439999992;99.5201407999999;99.65339359999993;99.60590239999993;99.6276079999999;99.77252959999993;99.8426423999999;99.98756399999994;99.98756399999994;99.41667279999994;99.46625359999997;99.48715999999993;99.6875839999999;99.86679599999991;
22.026666666666674;19160.0;99.14184240000002;99.16439919999989;99.98496319999992;99.45103919999995;99.44105599999996;99.98746399999993;99.42597439999992;99.5201407999999;99.65339359999993;99.60590239999993;99.6276079999999;99.77252959999993;99.8425423999999;99.98746399999993;99.98746399999993;99.41667279999994;99.46625359999997;99.48715999999993;99.6875839999999;99.8666959999999;
22.121744000000007;19160.0;99.14184240000002;99.16439919999989;99.98496319999992;99.45103919999995;99.44095599999996;99.98746399999993;99.42597439999992;99.5201407999999;99.65339359999993;99.60590239999993;99.6276079999999;99.77252959999993;99.8425423999999;99.98746399999993;99.98746399999993;99.41667279999994;99.46625359999997;99.48705999999993;99.6875839999999;99.8666959999999;
22.209326666666676;19160.0;99.14184240000002;99.16439919999989;99.98496319999992;99.43937039999996;99.41680239999995;99.98746399999993;99.42597439999992;99.5201407999999;99.61747119999993;99.58164879999993;99.6276079999999;99.77252959999993;99.8425423999999;99.98746399999993;99.98746399999993;99.41667279999994;99.46625359999997;99.48705999999993;99.6875839999999;99.8666959999999;
22.385229333333342;19160.0;99.14184240000002;99.16439919999989;99.98496319999992;99.43937039999996;99.40513359999996;99.98746399999993;99.39005199999991;99.48421839999989;99.61747119999993;99.58164879999993;99.6276079999999;99.77252959999993;99.8425423999999;99.98746399999993;99.98746399999993;99.41667279999994;99.46625359999997;99.48705999999993;99.6875839999999;99.8666959999999;
22.485229333333344;19160.0;99.14184240000002;99.16439919999989;99.98496319999992;99.43937039999996;99.40513359999996;99.98746399999993;99.39005199999991;99.48421839999989;99.61747119999993;99.58164879999993;99.6276079999999;99.77252959999993;99.8425423999999;99.98746399999993;99.98746399999993;99.41667279999994;99.46625359999997;99.48705999999993;99.6875839999999;99.8666959999999;
22.554597333333344;19160.0;99.14184240000002;99.16439919999989;99.98496319999992;99.43927039999996;99.40513359999996;99.98746399999993;99.39005199999991;99.48421839999989;99.61747119999993;99.58164879999993;99.6276079999999;99.77252959999993;99.8425423999999;99.98746399999993;99.98746399999993;99.41667279999994;99.46625359999997;99.48705999999993;99.6875839999999;99.8666959999999;
22.60348666666668;19160.0;99.14184240000002;99.1527303999999;99.98496319999992;99.41511679999995;99.40513359999996;99.98746399999993;99.39005199999991;99.48421839999989;99.61747119999993;99.58164879999993;99.6276079999999;99.77252959999993;99.8425423999999;99.98746399999993;99.98746399999993;99.41667279999994;99.46625359999997;99.48705999999993;99.6875839999999;99.8666959999999;
22.74379200000001;19160.0;99.10592000000001;99.12847679999989;99.98496319999992;99.41511679999995;99.40513359999996;99.98746399999993;99.39005199999991;99.48421839999989;99.61747119999993;99.58164879999993;99.6276079999999;99.77252959999993;99.8425423999999;99.98746399999993;99.98746399999993;99.41667279999994;99.46625359999997;99.48705999999993;99.6875839999999;99.8666959999999;
22.805665333333344;19160.0;99.10592000000001;99.12847679999989;99.98496319999992;99.41511679999995;99.40513359999996;99.98746399999993;99.39005199999991;99.48421839999989;99.61747119999993;99.58164879999993;99.6276079999999;99.77252959999993;99.8425423999999;99.98746399999993;99.98746399999993;99.41667279999994;99.46615359999997;99.48705999999993;99.6875839999999;99.8666959999999;
22.924445333333345;19160.0;99.10592000000001;99.12847679999989;99.98496319999992;99.41511679999995;99.40513359999996;99.98746399999993;99.39005199999991;99.48421839999989;99.61747119999993;99.58164879999993;99.62750799999989;99.77242959999992;99.8425423999999;99.98746399999993;99.98746399999993;99.35682559999994;99.44247359999997;99.48705999999993;99.6874839999999;99.8666959999999;
23.024445333333347;19160.0;99.10592000000001;99.12847679999989;99.98486319999992;99.41511679999995;99.40513359999996;99.98746399999993;99.39005199999991;99.48421839999989;99.61747119999993;99.58164879999993;99.62750799999989;99.77242959999992;99.8425423999999;99.98746399999993;99.98746399999993;99.35682559999994;99.44247359999997;99.48705999999993;99.6874839999999;99.8666959999999;
23.121744000000014;19160.0;99.10592000000001;99.12847679999989;99.98486319999992;99.41511679999995;99.40503359999995;99.98736399999993;99.39005199999991;99.48421839999989;99.61747119999993;99.58164879999993;99.62750799999989;99.77242959999992;99.8424423999999;99.98736399999993;99.98736399999993;99.35682559999994;99.44247359999997;99.48705999999993;99.6874839999999;99.8665959999999;
23.209326666666676;19160.0;99.10592000000001;99.12847679999989;99.98486319999992;99.40344799999995;99.38087999999995;99.98736399999993;99.39005199999991;99.48421839999989;99.58154879999992;99.55739519999992;99.62750799999989;99.77242959999992;99.8424423999999;99.98736399999993;99.98736399999993;99.35682559999994;99.44247359999997;99.48695999999993;99.6874839999999;99.8665959999999;
